"pathway","pval","padj","log2err","ES","NES","size","leadingEdge","cluster"
"BUSSLINGER_DUODENAL_IMMUNE_CELLS",5.34778894650944e-06,6.95212563046228e-05,0.610526878385931,0.699547199734483,2.7234300055357,15,