"pathway","pval","padj","log2err","ES","NES","size","leadingEdge"
"AIZARANI_LIVER_C10_MVECS_1",2.01255871131511e-17,6.14417372205576e-16,1.07686819261983,0.552622999296311,2.26101192515864,180,